국가명,국가코드,기준연도,gdp성장률
Australia,AUS,1960,2.482656
Australia,AUS,1961,1.294611
Australia,AUS,1962,6.216107
Australia,AUS,1963,6.980061
Australia,AUS,1964,5.980438
Australia,AUS,1965,2.37904
Australia,AUS,1966,6.304945
Australia,AUS,1967,5.094034
Australia,AUS,1968,7.045584
Australia,AUS,1969,7.175916
Australia,AUS,1970,4.000933
Australia,AUS,1971,3.910284
Australia,AUS,1972,2.619376
Australia,AUS,1973,4.106973
Australia,AUS,1974,1.33631
Australia,AUS,1975,2.588771
Australia,AUS,1976,3.594833
Australia,AUS,1977,0.89315
Australia,AUS,1978,4.050027
Australia,AUS,1979,3.035589
Australia,AUS,1980,3.339495
Australia,AUS,1981,3.324852
Australia,AUS,1982,-2.224542
Australia,AUS,1983,4.591739
Australia,AUS,1984,5.278244
Australia,AUS,1985,3.966274
Australia,AUS,1986,2.559258
Australia,AUS,1987,5.757341
Australia,AUS,1988,3.875426
Australia,AUS,1989,3.576486
Australia,AUS,1990,-0.383072
Australia,AUS,1991,0.42862
Australia,AUS,1992,4.047425
Australia,AUS,1993,3.980923
Australia,AUS,1994,3.887106
Australia,AUS,1995,3.856841
Australia,AUS,1996,3.912835
Australia,AUS,1997,4.613357
Australia,AUS,1998,4.956325
Australia,AUS,1999,3.901171
Australia,AUS,2000,2.041417
Australia,AUS,2001,3.99359
Australia,AUS,2002,3.111398
Australia,AUS,2003,4.216633
Australia,AUS,2004,3.153753
Australia,AUS,2005,2.740636
Australia,AUS,2006,3.777917
Australia,AUS,2007,3.56827
Australia,AUS,2008,1.870487
Australia,AUS,2009,2.206566
Australia,AUS,2010,2.391385
Australia,AUS,2011,3.902008
Australia,AUS,2012,2.578754
Australia,AUS,2013,2.579017
Australia,AUS,2014,2.152736
Australia,AUS,2015,2.730548
Australia,AUS,2016,2.282184
Australia,AUS,2017,2.883045
Australia,AUS,2018,2.171396
Australia,AUS,2019,-0.050885
Australia,AUS,2020,2.236212
Australia,AUS,2021,3.617589
Austria,AUT,1971,5.114969
Austria,AUT,1972,6.207861
Austria,AUT,1973,4.890435
Austria,AUT,1974,3.942138
Austria,AUT,1975,-0.363736
Austria,AUT,1976,4.578445
Austria,AUT,1977,5.079981
Austria,AUT,1978,-0.210653
Austria,AUT,1979,5.3567
Austria,AUT,1980,1.731485
Austria,AUT,1981,-0.144295
Austria,AUT,1982,2.011254
Austria,AUT,1983,2.973088
Austria,AUT,1984,0.051275
Austria,AUT,1985,2.498679
Austria,AUT,1986,2.301393
Austria,AUT,1987,1.357168
Austria,AUT,1988,3.29588
Austria,AUT,1989,3.887075
Austria,AUT,1990,4.345642
Austria,AUT,1991,3.441627
Austria,AUT,1992,2.093525
Austria,AUT,1993,0.526809
Austria,AUT,1994,2.402119
Austria,AUT,1995,2.667984
Austria,AUT,1996,2.349534
Austria,AUT,1997,2.093599
Austria,AUT,1998,3.581426
Austria,AUT,1999,3.556331
Austria,AUT,2000,3.375722
Austria,AUT,2001,1.267168
Austria,AUT,2002,1.651554
Austria,AUT,2003,0.941471
Austria,AUT,2004,2.73512
Austria,AUT,2005,2.244065
Austria,AUT,2006,3.454042
Austria,AUT,2007,3.727415
Austria,AUT,2008,1.460424
Austria,AUT,2009,-3.764578
Austria,AUT,2010,1.837094
Austria,AUT,2011,2.922797
Austria,AUT,2012,0.680446
Austria,AUT,2013,0.025505
Austria,AUT,2014,0.661273
Austria,AUT,2015,1.014502
Austria,AUT,2016,1.989437
Austria,AUT,2017,2.258572
Austria,AUT,2018,2.425385
Austria,AUT,2019,1.517389
Austria,AUT,2020,-6.453968
Austria,AUT,2021,4.556851
Austria,AUT,2022,4.996942
Belgium,BEL,1971,3.985827
Belgium,BEL,1972,5.295604
Belgium,BEL,1973,6.381702
Belgium,BEL,1974,4.565258
Belgium,BEL,1975,-1.965942
Belgium,BEL,1976,5.652746
Belgium,BEL,1977,0.626155
Belgium,BEL,1978,2.841897
Belgium,BEL,1979,2.341073
Belgium,BEL,1980,4.444054
Belgium,BEL,1981,-0.279284
Belgium,BEL,1982,0.594987
Belgium,BEL,1983,0.311843
Belgium,BEL,1984,2.466383
Belgium,BEL,1985,1.651793
Belgium,BEL,1986,1.822762
Belgium,BEL,1987,2.306659
Belgium,BEL,1988,4.723209
Belgium,BEL,1989,3.469167
Belgium,BEL,1990,3.137402
Belgium,BEL,1991,1.833074
Belgium,BEL,1992,1.530655
Belgium,BEL,1993,-0.961873
Belgium,BEL,1994,3.226971
Belgium,BEL,1995,2.384757
Belgium,BEL,1996,1.321451
Belgium,BEL,1997,3.793658
Belgium,BEL,1998,1.961808
Belgium,BEL,1999,3.542743
Belgium,BEL,2000,3.716679
Belgium,BEL,2001,1.099619
Belgium,BEL,2002,1.706885
Belgium,BEL,2003,1.037983
Belgium,BEL,2004,3.571204
Belgium,BEL,2005,2.321737
Belgium,BEL,2006,2.55235
Belgium,BEL,2007,3.676881
Belgium,BEL,2008,0.446929
Belgium,BEL,2009,-2.020743
Belgium,BEL,2010,2.864293
Belgium,BEL,2011,1.694514
Belgium,BEL,2012,0.739217
Belgium,BEL,2013,0.459242
Belgium,BEL,2014,1.578533
Belgium,BEL,2015,2.041459
Belgium,BEL,2016,1.266686
Belgium,BEL,2017,1.61958
Belgium,BEL,2018,1.792945
Belgium,BEL,2019,2.261568
Belgium,BEL,2020,-5.362586
Belgium,BEL,2021,6.285931
Belgium,BEL,2022,3.247837
Canada,CAN,1982,-3.187262
Canada,CAN,1983,2.601339
Canada,CAN,1984,5.908457
Canada,CAN,1985,4.7374
Canada,CAN,1986,2.144972
Canada,CAN,1987,4.072959
Canada,CAN,1988,4.410111
Canada,CAN,1989,2.316979
Canada,CAN,1990,0.164673
Canada,CAN,1991,-2.086085
Canada,CAN,1992,0.90026
Canada,CAN,1993,2.660857
Canada,CAN,1994,4.494466
Canada,CAN,1995,2.693976
Canada,CAN,1996,1.619172
Canada,CAN,1997,4.28004
Canada,CAN,1998,3.896152
Canada,CAN,1999,5.162914
Canada,CAN,2000,5.177636
Canada,CAN,2001,1.789973
Canada,CAN,2002,3.018051
Canada,CAN,2003,1.801518
Canada,CAN,2004,3.086981
Canada,CAN,2005,3.2042
Canada,CAN,2006,2.634304
Canada,CAN,2007,2.071825
Canada,CAN,2008,1.004289
Canada,CAN,2009,-2.925956
Canada,CAN,2010,3.089919
Canada,CAN,2011,3.1461
Canada,CAN,2012,1.760962
Canada,CAN,2013,2.329123
Canada,CAN,2014,2.870036
Canada,CAN,2015,0.659177
Canada,CAN,2016,1.001394
Canada,CAN,2017,3.03988
Canada,CAN,2018,2.777041
Canada,CAN,2019,1.888224
Canada,CAN,2020,-5.074358
Canada,CAN,2021,5.011801
Canada,CAN,2022,3.396202
Czech Republic,CZE,1991,-11.614942
Czech Republic,CZE,1992,-0.506542
Czech Republic,CZE,1993,0.061904
Czech Republic,CZE,1994,2.909309
Czech Republic,CZE,1995,6.500814
Czech Republic,CZE,1996,4.265417
Czech Republic,CZE,1997,-0.518331
Czech Republic,CZE,1998,-0.356567
Czech Republic,CZE,1999,1.384149
Czech Republic,CZE,2000,4.001029
Czech Republic,CZE,2001,3.042977
Czech Republic,CZE,2002,1.569855
Czech Republic,CZE,2003,3.583688
Czech Republic,CZE,2004,4.814261
Czech Republic,CZE,2005,6.601618
Czech Republic,CZE,2006,6.766933
Czech Republic,CZE,2007,5.570339
Czech Republic,CZE,2008,2.686412
Czech Republic,CZE,2009,-4.657331
Czech Republic,CZE,2010,2.434902
Czech Republic,CZE,2011,1.76036
Czech Republic,CZE,2012,-0.785004
Czech Republic,CZE,2013,-0.045904
Czech Republic,CZE,2014,2.262103
Czech Republic,CZE,2015,5.388381
Czech Republic,CZE,2016,2.537285
Czech Republic,CZE,2017,5.168724
Czech Republic,CZE,2018,3.220088
Czech Republic,CZE,2019,3.029879
Czech Republic,CZE,2020,-5.502968
Czech Republic,CZE,2021,3.552722
Czech Republic,CZE,2022,2.460919
Denmark,DNK,1967,5.53037
Denmark,DNK,1968,5.553077
Denmark,DNK,1969,6.509248
Denmark,DNK,1970,1.596842
Denmark,DNK,1971,3.004996
Denmark,DNK,1972,3.929385
Denmark,DNK,1973,4.092946
Denmark,DNK,1974,-1.122394
Denmark,DNK,1975,-1.456645
Denmark,DNK,1976,5.924606
Denmark,DNK,1977,1.870291
Denmark,DNK,1978,2.226309
Denmark,DNK,1979,3.869112
Denmark,DNK,1980,-0.482986
Denmark,DNK,1981,-0.666124
Denmark,DNK,1982,3.684573
Denmark,DNK,1983,2.596072
Denmark,DNK,1984,4.166138
Denmark,DNK,1985,4.003752
Denmark,DNK,1986,4.904178
Denmark,DNK,1987,0.254266
Denmark,DNK,1988,-0.013601
Denmark,DNK,1989,0.645187
Denmark,DNK,1990,1.475244
Denmark,DNK,1991,1.393634
Denmark,DNK,1992,1.957007
Denmark,DNK,1993,0.010688
Denmark,DNK,1994,5.332463
Denmark,DNK,1995,3.027587
Denmark,DNK,1996,2.9001
Denmark,DNK,1997,3.26089
Denmark,DNK,1998,2.218159
Denmark,DNK,1999,2.948022
Denmark,DNK,2000,3.746863
Denmark,DNK,2001,0.823153
Denmark,DNK,2002,0.466346
Denmark,DNK,2003,0.390059
Denmark,DNK,2004,2.668219
Denmark,DNK,2005,2.336641
Denmark,DNK,2006,3.913008
Denmark,DNK,2007,0.909239
Denmark,DNK,2008,-0.512017
Denmark,DNK,2009,-4.906548
Denmark,DNK,2010,1.870991
Denmark,DNK,2011,1.336778
Denmark,DNK,2012,0.2265
Denmark,DNK,2013,0.933341
Denmark,DNK,2014,1.619394
Denmark,DNK,2015,2.342591
Denmark,DNK,2016,3.245957
Denmark,DNK,2017,2.821736
Denmark,DNK,2018,1.989537
Denmark,DNK,2019,1.493487
Denmark,DNK,2020,-1.994608
Denmark,DNK,2021,4.855708
Denmark,DNK,2022,3.819018
Finland,FIN,1971,2.35692
Finland,FIN,1972,7.735486
Finland,FIN,1973,6.983828
Finland,FIN,1974,3.236534
Finland,FIN,1975,1.804898
Finland,FIN,1976,0.344383
Finland,FIN,1977,0.23951
Finland,FIN,1978,2.919708
Finland,FIN,1979,7.121926
Finland,FIN,1980,5.389047
Finland,FIN,1981,1.315879
Finland,FIN,1982,3.108089
Finland,FIN,1983,3.116582
Finland,FIN,1984,3.237692
Finland,FIN,1985,3.548897
Finland,FIN,1986,2.755633
Finland,FIN,1987,3.574826
Finland,FIN,1988,5.21715
Finland,FIN,1989,5.087144
Finland,FIN,1990,0.670276
Finland,FIN,1991,-5.886328
Finland,FIN,1992,-3.29466
Finland,FIN,1993,-0.661998
Finland,FIN,1994,3.963052
Finland,FIN,1995,4.216867
Finland,FIN,1996,3.66718
Finland,FIN,1997,6.333796
Finland,FIN,1998,5.457181
Finland,FIN,1999,4.379576
Finland,FIN,2000,5.773362
Finland,FIN,2001,2.610019
Finland,FIN,2002,1.707149
Finland,FIN,2003,2.003784
Finland,FIN,2004,3.992091
Finland,FIN,2005,2.779851
Finland,FIN,2006,4.02741
Finland,FIN,2007,5.299337
Finland,FIN,2008,0.783995
Finland,FIN,2009,-8.074447
Finland,FIN,2010,3.185959
Finland,FIN,2011,2.547665
Finland,FIN,2012,-1.397546
Finland,FIN,2013,-0.901696
Finland,FIN,2014,-0.364908
Finland,FIN,2015,0.543659
Finland,FIN,2016,2.811458
Finland,FIN,2017,3.19241
Finland,FIN,2018,1.139718
Finland,FIN,2019,1.224749
Finland,FIN,2020,-2.354965
Finland,FIN,2021,3.046482
Finland,FIN,2022,2.083775
France,FRA,1951,5.791722
France,FRA,1952,3.113823
France,FRA,1953,3.456325
France,FRA,1954,5.57836
France,FRA,1955,5.311942
France,FRA,1956,4.987776
France,FRA,1957,5.516701
France,FRA,1958,2.695671
France,FRA,1959,2.671474
France,FRA,1960,7.991944
France,FRA,1961,4.980112
France,FRA,1962,6.84347
France,FRA,1963,6.23368
France,FRA,1964,6.652099
France,FRA,1965,4.861508
France,FRA,1966,5.251837
France,FRA,1967,4.921149
France,FRA,1968,4.491309
France,FRA,1969,7.109475
France,FRA,1970,6.10868
France,FRA,1971,5.316716
France,FRA,1972,4.511374
France,FRA,1973,6.344581
France,FRA,1974,4.300919
France,FRA,1975,-0.959885
France,FRA,1976,4.356759
France,FRA,1977,3.464312
France,FRA,1978,3.978544
France,FRA,1979,3.549989
France,FRA,1980,1.578745
France,FRA,1981,1.06902
France,FRA,1982,2.505397
France,FRA,1983,1.240865
France,FRA,1984,1.513722
France,FRA,1985,1.622781
France,FRA,1986,2.337276
France,FRA,1987,2.5619
France,FRA,1988,4.743142
France,FRA,1989,4.343861
France,FRA,1990,2.923935
France,FRA,1991,1.048176
France,FRA,1992,1.599343
France,FRA,1993,-0.628666
France,FRA,1994,2.358342
France,FRA,1995,2.106695
France,FRA,1996,1.412994
France,FRA,1997,2.336296
France,FRA,1998,3.588659
France,FRA,1999,3.421374
France,FRA,2000,3.923669
France,FRA,2001,1.983721
France,FRA,2002,1.135531
France,FRA,2003,0.823161
France,FRA,2004,2.829753
France,FRA,2005,1.66322
France,FRA,2006,2.449324
France,FRA,2007,2.424736
France,FRA,2008,0.254946
France,FRA,2009,-2.873314
France,FRA,2010,1.949438
France,FRA,2011,2.192701
France,FRA,2012,0.313135
France,FRA,2013,0.576327
France,FRA,2014,0.956183
France,FRA,2015,1.112912
France,FRA,2016,1.095464
France,FRA,2017,2.29142
France,FRA,2018,1.865066
France,FRA,2019,1.842972
France,FRA,2020,-7.784586
France,FRA,2021,6.816589
France,FRA,2022,2.562394
Germany,DEU,1971,3.1327
Germany,DEU,1972,4.300341
Germany,DEU,1973,4.777487
Germany,DEU,1974,0.890069
Germany,DEU,1975,-0.866739
Germany,DEU,1976,4.949258
Germany,DEU,1977,3.347218
Germany,DEU,1978,3.008493
Germany,DEU,1979,4.150363
Germany,DEU,1980,1.408829
Germany,DEU,1981,0.529241
Germany,DEU,1982,-0.394841
Germany,DEU,1983,1.57241
Germany,DEU,1984,2.822948
Germany,DEU,1985,2.327935
Germany,DEU,1986,2.287339
Germany,DEU,1987,1.402152
Germany,DEU,1988,3.707236
Germany,DEU,1989,3.896552
Germany,DEU,1990,5.255006
Germany,DEU,1991,5.108262
Germany,DEU,1992,1.923077
Germany,DEU,1993,-0.97685
Germany,DEU,1994,2.391892
Germany,DEU,1995,1.544146
Germany,DEU,1996,0.805823
Germany,DEU,1997,1.792161
Germany,DEU,1998,2.013933
Germany,DEU,1999,1.887261
Germany,DEU,2000,2.912503
Germany,DEU,2001,1.681468
Germany,DEU,2002,-0.197974
Germany,DEU,2003,-0.700117
Germany,DEU,2004,1.175088
Germany,DEU,2005,0.731707
Germany,DEU,2006,3.816442
Germany,DEU,2007,2.976455
Germany,DEU,2008,0.959879
Germany,DEU,2009,-5.693836
Germany,DEU,2010,4.179882
Germany,DEU,2011,3.925193
Germany,DEU,2012,0.418498
Germany,DEU,2013,0.437591
Germany,DEU,2014,2.209543
Germany,DEU,2015,1.491932
Germany,DEU,2016,2.23
Germany,DEU,2017,2.680231
Germany,DEU,2018,0.981233
Germany,DEU,2019,1.056604
Germany,DEU,2020,-3.696789
Germany,DEU,2021,2.626987
Germany,DEU,2022,1.785208
Greece,GRC,1961,13.203841
Greece,GRC,1962,0.364811
Greece,GRC,1963,11.844868
Greece,GRC,1964,9.409677
Greece,GRC,1965,10.76801
Greece,GRC,1966,6.494502
Greece,GRC,1967,5.669485
Greece,GRC,1968,7.203719
Greece,GRC,1969,11.563667
Greece,GRC,1970,8.930581
Greece,GRC,1971,7.841177
Greece,GRC,1972,10.160151
Greece,GRC,1973,8.092379
Greece,GRC,1974,-6.438241
Greece,GRC,1975,6.366809
Greece,GRC,1976,6.851898
Greece,GRC,1977,2.941002
Greece,GRC,1978,7.246863
Greece,GRC,1979,3.28208
Greece,GRC,1980,0.677131
Greece,GRC,1981,-1.553721
Greece,GRC,1982,-1.132648
Greece,GRC,1983,-1.078622
Greece,GRC,1984,2.01058
Greece,GRC,1985,2.509557
Greece,GRC,1986,0.51766
Greece,GRC,1987,-2.258863
Greece,GRC,1988,4.287862
Greece,GRC,1989,3.8
Greece,GRC,1990,0.0
Greece,GRC,1991,3.1
Greece,GRC,1992,0.7
Greece,GRC,1993,-1.6
Greece,GRC,1994,2.0
Greece,GRC,1995,2.09972
Greece,GRC,1996,2.862129
Greece,GRC,1997,4.484199
Greece,GRC,1998,3.894905
Greece,GRC,1999,3.072597
Greece,GRC,2000,3.919771
Greece,GRC,2001,4.131612
Greece,GRC,2002,3.922872
Greece,GRC,2003,5.794531
Greece,GRC,2004,5.060993
Greece,GRC,2005,0.599142
Greece,GRC,2006,5.652434
Greece,GRC,2007,3.273747
Greece,GRC,2008,-0.335173
Greece,GRC,2009,-4.300734
Greece,GRC,2010,-5.478218
Greece,GRC,2011,-10.149315
Greece,GRC,2012,-7.086697
Greece,GRC,2013,-2.515997
Greece,GRC,2014,0.475696
Greece,GRC,2015,-0.196087
Greece,GRC,2016,-0.487173
Greece,GRC,2017,1.092149
Greece,GRC,2018,1.668428
Greece,GRC,2019,1.884342
Greece,GRC,2020,-9.004044
Greece,GRC,2021,8.434426
Greece,GRC,2022,5.913708
Spain,ESP,1971,4.649473
Spain,ESP,1972,8.149746
Spain,ESP,1973,7.788465
Spain,ESP,1974,5.618786
Spain,ESP,1975,0.542203
Spain,ESP,1976,3.303792
Spain,ESP,1977,2.838574
Spain,ESP,1978,1.463003
Spain,ESP,1979,0.041547
Spain,ESP,1980,2.208728
Spain,ESP,1981,-0.132469
Spain,ESP,1982,1.246462
Spain,ESP,1983,1.770116
Spain,ESP,1984,1.784688
Spain,ESP,1985,2.321436
Spain,ESP,1986,3.253322
Spain,ESP,1987,5.547123
Spain,ESP,1988,5.094324
Spain,ESP,1989,4.82703
Spain,ESP,1990,3.781393
Spain,ESP,1991,2.546001
Spain,ESP,1992,0.929215
Spain,ESP,1993,-1.031492
Spain,ESP,1994,2.383195
Spain,ESP,1995,2.757494
Spain,ESP,1996,2.660562
Spain,ESP,1997,3.702495
Spain,ESP,1998,4.393101
Spain,ESP,1999,4.490553
Spain,ESP,2000,5.245944
Spain,ESP,2001,3.933003
Spain,ESP,2002,2.730948
Spain,ESP,2003,2.981936
Spain,ESP,2004,3.122734
Spain,ESP,2005,3.652084
Spain,ESP,2006,4.102686
Spain,ESP,2007,3.604738
Spain,ESP,2008,0.887067
Spain,ESP,2009,-3.763107
Spain,ESP,2010,0.16292
Spain,ESP,2011,-0.814385
Spain,ESP,2012,-2.958922
Spain,ESP,2013,-1.403342
Spain,ESP,2014,1.395775
Spain,ESP,2015,3.838519
Spain,ESP,2016,3.037774
Spain,ESP,2017,2.975761
Spain,ESP,2018,2.284469
Spain,ESP,2019,1.983966
Spain,ESP,2020,-11.325438
Spain,ESP,2021,5.519595
Spain,ESP,2022,5.45174
Switzerland,CHE,1981,1.601336
Switzerland,CHE,1982,-1.309417
Switzerland,CHE,1983,0.639079
Switzerland,CHE,1984,3.008456
Switzerland,CHE,1985,3.673596
Switzerland,CHE,1986,1.858633
Switzerland,CHE,1987,1.585478
Switzerland,CHE,1988,3.277596
Switzerland,CHE,1989,4.330794
Switzerland,CHE,1990,3.674626
Switzerland,CHE,1991,-0.915817
Switzerland,CHE,1992,-0.043733
Switzerland,CHE,1993,-0.125984
Switzerland,CHE,1994,1.269758
Switzerland,CHE,1995,0.480866
Switzerland,CHE,1996,0.47128
Switzerland,CHE,1997,2.261325
Switzerland,CHE,1998,3.029969
Switzerland,CHE,1999,1.662701
Switzerland,CHE,2000,3.95872
Switzerland,CHE,2001,1.575662
Switzerland,CHE,2002,-0.073217
Switzerland,CHE,2003,-0.032398
Switzerland,CHE,2004,2.701709
Switzerland,CHE,2005,2.749699
Switzerland,CHE,2006,4.073628
Switzerland,CHE,2007,3.916376
Switzerland,CHE,2008,2.807984
Switzerland,CHE,2009,-2.297375
Switzerland,CHE,2010,3.243397
Switzerland,CHE,2011,1.813108
Switzerland,CHE,2012,1.179254
Switzerland,CHE,2013,1.792144
Switzerland,CHE,2014,2.349881
Switzerland,CHE,2015,1.644628
Switzerland,CHE,2016,2.06869
Switzerland,CHE,2017,1.3628
Switzerland,CHE,2018,2.860446
Switzerland,CHE,2019,1.141982
Switzerland,CHE,2020,-2.375563
Switzerland,CHE,2021,4.221717
Switzerland,CHE,2022,2.059233
United Kingdom,GBR,1951,3.713086
United Kingdom,GBR,1952,1.517087
United Kingdom,GBR,1953,5.566213
United Kingdom,GBR,1954,4.359141
United Kingdom,GBR,1955,3.907273
United Kingdom,GBR,1956,1.6956
United Kingdom,GBR,1957,1.987986
United Kingdom,GBR,1958,1.356184
United Kingdom,GBR,1959,4.168058
United Kingdom,GBR,1960,6.34951
United Kingdom,GBR,1961,2.701314
United Kingdom,GBR,1962,1.098696
United Kingdom,GBR,1963,4.859545
United Kingdom,GBR,1964,5.594811
United Kingdom,GBR,1965,2.130333
United Kingdom,GBR,1966,1.56745
United Kingdom,GBR,1967,2.775738
United Kingdom,GBR,1968,5.472693
United Kingdom,GBR,1969,1.939138
United Kingdom,GBR,1970,2.708581
United Kingdom,GBR,1971,3.504717
United Kingdom,GBR,1972,4.321668
United Kingdom,GBR,1973,6.523848
United Kingdom,GBR,1974,-2.484404
United Kingdom,GBR,1975,-1.47365
United Kingdom,GBR,1976,2.910266
United Kingdom,GBR,1977,2.45775
United Kingdom,GBR,1978,4.204261
United Kingdom,GBR,1979,3.749017
United Kingdom,GBR,1980,-2.031368
United Kingdom,GBR,1981,-0.787744
United Kingdom,GBR,1982,1.994891
United Kingdom,GBR,1983,4.221856
United Kingdom,GBR,1984,2.269105
United Kingdom,GBR,1985,4.147415
United Kingdom,GBR,1986,3.150341
United Kingdom,GBR,1987,5.392738
United Kingdom,GBR,1988,5.732414
United Kingdom,GBR,1989,2.577603
United Kingdom,GBR,1990,0.733755
United Kingdom,GBR,1991,-1.103122
United Kingdom,GBR,1992,0.401082
United Kingdom,GBR,1993,2.489831
United Kingdom,GBR,1994,3.846009
United Kingdom,GBR,1995,2.53167
United Kingdom,GBR,1996,1.907716
United Kingdom,GBR,1997,4.524067
United Kingdom,GBR,1998,3.157287
United Kingdom,GBR,1999,3.01407
United Kingdom,GBR,2000,4.092653
United Kingdom,GBR,2001,2.157428
United Kingdom,GBR,2002,1.770765
United Kingdom,GBR,2003,3.123053
United Kingdom,GBR,2004,2.344971
United Kingdom,GBR,2005,2.668338
United Kingdom,GBR,2006,2.160405
United Kingdom,GBR,2007,2.563461
United Kingdom,GBR,2008,-0.154344
United Kingdom,GBR,2009,-4.510486
United Kingdom,GBR,2010,2.430073
United Kingdom,GBR,2011,1.067611
United Kingdom,GBR,2012,1.448457
United Kingdom,GBR,2013,1.819863
United Kingdom,GBR,2014,3.199703
United Kingdom,GBR,2015,2.393103
United Kingdom,GBR,2016,2.165206
United Kingdom,GBR,2017,2.44357
United Kingdom,GBR,2018,1.705021
United Kingdom,GBR,2019,1.604309
United Kingdom,GBR,2020,-11.030858
United Kingdom,GBR,2021,7.597471
United Kingdom,GBR,2022,4.101621
China (People's Republic of),CHN,1971,7.075884
China (People's Republic of),CHN,1972,3.826296
China (People's Republic of),CHN,1973,7.772898
China (People's Republic of),CHN,1974,2.335503
China (People's Republic of),CHN,1975,8.704543
China (People's Republic of),CHN,1976,-1.560131
China (People's Republic of),CHN,1977,7.575974
China (People's Republic of),CHN,1978,11.663427
China (People's Republic of),CHN,1979,7.592717
China (People's Republic of),CHN,1980,7.832633
China (People's Republic of),CHN,1981,5.111629
China (People's Republic of),CHN,1982,9.018935
China (People's Republic of),CHN,1983,10.76868
China (People's Republic of),CHN,1984,15.192646
China (People's Republic of),CHN,1985,13.430746
China (People's Republic of),CHN,1986,8.949006
China (People's Republic of),CHN,1987,11.658049
China (People's Republic of),CHN,1988,11.221908
China (People's Republic of),CHN,1989,4.206915
China (People's Republic of),CHN,1990,3.919807
China (People's Republic of),CHN,1991,9.262411
China (People's Republic of),CHN,1992,14.224775
China (People's Republic of),CHN,1993,13.883747
China (People's Republic of),CHN,1994,13.036584
China (People's Republic of),CHN,1995,10.953932
China (People's Republic of),CHN,1996,9.922745
China (People's Republic of),CHN,1997,9.23656
China (People's Republic of),CHN,1998,7.846128
China (People's Republic of),CHN,1999,7.661641
China (People's Republic of),CHN,2000,8.489981
China (People's Republic of),CHN,2001,8.335768
China (People's Republic of),CHN,2002,9.133638
China (People's Republic of),CHN,2003,10.038047
China (People's Republic of),CHN,2004,10.113647
China (People's Republic of),CHN,2005,11.394588
China (People's Republic of),CHN,2006,12.720995
China (People's Republic of),CHN,2007,14.230838
China (People's Republic of),CHN,2008,9.65066
China (People's Republic of),CHN,2009,9.398742
China (People's Republic of),CHN,2010,10.63585
China (People's Republic of),CHN,2011,9.550825
China (People's Republic of),CHN,2012,7.86372
China (People's Republic of),CHN,2013,7.766147
China (People's Republic of),CHN,2014,7.425774
China (People's Republic of),CHN,2015,7.041319
China (People's Republic of),CHN,2016,6.848768
China (People's Republic of),CHN,2017,6.947196
China (People's Republic of),CHN,2018,6.749771
China (People's Republic of),CHN,2019,6.11012
China (People's Republic of),CHN,2020,2.084852
Colombia,COL,1976,4.643699
Colombia,COL,1977,4.191094
Colombia,COL,1978,8.507129
Colombia,COL,1979,5.430969
Colombia,COL,1980,4.156122
Colombia,COL,1981,2.470697
Colombia,COL,1982,1.127302
Colombia,COL,1983,1.711095
Colombia,COL,1984,3.014929
Colombia,COL,1985,3.021915
Colombia,COL,1986,5.769302
Colombia,COL,1987,5.604214
Colombia,COL,1988,4.51529
Colombia,COL,1989,3.550786
Colombia,COL,1990,4.383466
Colombia,COL,1991,2.789221
Colombia,COL,1992,4.323615
Colombia,COL,1993,5.72679
Colombia,COL,1994,5.607812
Colombia,COL,1995,5.32544
Colombia,COL,1996,1.588052
Colombia,COL,1997,3.194517
Colombia,COL,1998,0.604257
Colombia,COL,1999,-5.190991
Colombia,COL,2000,2.569198
Colombia,COL,2001,1.677928
Colombia,COL,2002,2.503863
Colombia,COL,2003,3.918507
Colombia,COL,2004,5.332942
Colombia,COL,2005,4.706559
Colombia,COL,2006,6.716869
Colombia,COL,2007,6.738195
Colombia,COL,2008,3.283446
Colombia,COL,2009,1.139649
Colombia,COL,2010,4.494659
Colombia,COL,2011,6.947892
Colombia,COL,2012,3.912636
Colombia,COL,2013,5.133994
Colombia,COL,2014,4.49903
Colombia,COL,2015,2.955901
Colombia,COL,2016,2.087383
Colombia,COL,2017,1.359361
Colombia,COL,2018,2.564324
Colombia,COL,2019,3.186855
Colombia,COL,2020,-7.252299
Colombia,COL,2021,11.016193
Sweden,SWE,1951,2.806311
Sweden,SWE,1952,1.642947
Sweden,SWE,1953,3.461355
Sweden,SWE,1954,5.718967
Sweden,SWE,1955,3.011803
Sweden,SWE,1956,3.333609
Sweden,SWE,1957,2.37874
Sweden,SWE,1958,2.411271
Sweden,SWE,1959,5.363037
Sweden,SWE,1960,3.654117
Sweden,SWE,1961,5.681293
Sweden,SWE,1962,4.259047
Sweden,SWE,1963,5.327934
Sweden,SWE,1964,6.821165
Sweden,SWE,1965,3.821508
Sweden,SWE,1966,2.090844
Sweden,SWE,1967,3.365389
Sweden,SWE,1968,3.638506
Sweden,SWE,1969,5.009075
Sweden,SWE,1970,6.473674
Sweden,SWE,1971,0.944646
Sweden,SWE,1972,2.288739
Sweden,SWE,1973,3.967981
Sweden,SWE,1974,3.198196
Sweden,SWE,1975,2.552863
Sweden,SWE,1976,1.058105
Sweden,SWE,1977,-1.596259
Sweden,SWE,1978,1.751548
Sweden,SWE,1979,3.840004
Sweden,SWE,1980,1.699971
Sweden,SWE,1981,0.45483
Sweden,SWE,1982,1.248665
Sweden,SWE,1983,1.900639
Sweden,SWE,1984,4.229535
Sweden,SWE,1985,2.160374
Sweden,SWE,1986,2.691323
Sweden,SWE,1987,3.353843
Sweden,SWE,1988,2.559039
Sweden,SWE,1989,2.654807
Sweden,SWE,1990,0.754675
Sweden,SWE,1991,-1.145975
Sweden,SWE,1992,-1.158593
Sweden,SWE,1993,-2.065616
Sweden,SWE,1994,3.929973
Sweden,SWE,1995,3.935193
Sweden,SWE,1996,1.579456
Sweden,SWE,1997,3.070527
Sweden,SWE,1998,4.311836
Sweden,SWE,1999,4.247184
Sweden,SWE,2000,4.766349
Sweden,SWE,2001,1.449499
Sweden,SWE,2002,2.196921
Sweden,SWE,2003,2.309811
Sweden,SWE,2004,4.336856
Sweden,SWE,2005,2.858803
Sweden,SWE,2006,4.662774
Sweden,SWE,2007,3.439222
Sweden,SWE,2008,-0.450559
Sweden,SWE,2009,-4.339791
Sweden,SWE,2010,5.952107
Sweden,SWE,2011,3.195333
Sweden,SWE,2012,-0.588305
Sweden,SWE,2013,1.187776
Sweden,SWE,2014,2.657798
Sweden,SWE,2015,4.489282
Sweden,SWE,2016,2.070593
Sweden,SWE,2017,2.567925
Sweden,SWE,2018,1.950023
Sweden,SWE,2019,1.986196
Sweden,SWE,2020,-2.170213
Sweden,SWE,2021,5.38584
Sweden,SWE,2022,2.642217
Chile,CHL,1987,6.594274
Chile,CHL,1988,7.311285
Chile,CHL,1989,10.560234
Chile,CHL,1990,3.697579
Chile,CHL,1991,7.969901
Chile,CHL,1992,12.278024
Chile,CHL,1993,6.986264
Chile,CHL,1994,5.708119
Chile,CHL,1995,10.627577
Chile,CHL,1996,7.413506
Chile,CHL,1997,7.391739
Chile,CHL,1998,4.180887
Chile,CHL,1999,-0.273631
Chile,CHL,2000,4.971621
Chile,CHL,2001,3.154035
Chile,CHL,2002,3.202799
Chile,CHL,2003,4.723245
Chile,CHL,2004,6.674254
Chile,CHL,2005,5.837046
Chile,CHL,2006,6.049991
Chile,CHL,2007,5.168231
Chile,CHL,2008,3.789393
Chile,CHL,2009,-1.118037
Chile,CHL,2010,5.851651
Chile,CHL,2011,6.223897
Chile,CHL,2012,6.15534
Chile,CHL,2013,3.308508
Chile,CHL,2014,1.792649
Chile,CHL,2015,2.151942
Chile,CHL,2016,1.753039
Chile,CHL,2017,1.357695
Chile,CHL,2018,3.990029
Chile,CHL,2019,0.74313
Chile,CHL,2020,-6.145247
Chile,CHL,2021,11.737431
Chile,CHL,2022,2.440403
Slovak Republic,SVK,1993,1.901327
Slovak Republic,SVK,1994,6.20553
Slovak Republic,SVK,1995,5.843495
Slovak Republic,SVK,1996,6.619898
Slovak Republic,SVK,1997,5.925837
Slovak Republic,SVK,1998,4.076097
Slovak Republic,SVK,1999,-0.105915
Slovak Republic,SVK,2000,1.166527
Slovak Republic,SVK,2001,3.253784
Slovak Republic,SVK,2002,4.509444
Slovak Republic,SVK,2003,5.499083
Slovak Republic,SVK,2004,5.278881
Slovak Republic,SVK,2005,6.623461
Slovak Republic,SVK,2006,8.493177
Slovak Republic,SVK,2007,10.832029
Slovak Republic,SVK,2008,5.574886
Slovak Republic,SVK,2009,-5.455533
Slovak Republic,SVK,2010,6.716633
Slovak Republic,SVK,2011,2.671453
Slovak Republic,SVK,2012,1.318802
Slovak Republic,SVK,2013,0.63274
Slovak Republic,SVK,2014,2.69719
Slovak Republic,SVK,2015,5.167182
Slovak Republic,SVK,2016,1.943951
Slovak Republic,SVK,2017,2.938069
Slovak Republic,SVK,2018,4.03039
Slovak Republic,SVK,2019,2.509723
Slovak Republic,SVK,2020,-3.336245
Slovak Republic,SVK,2021,4.863264
Slovak Republic,SVK,2022,1.668703
Estonia,EST,1996,4.943015
Estonia,EST,1997,13.050014
Estonia,EST,1998,4.339833
Estonia,EST,1999,-0.425028
Estonia,EST,2000,10.087637
Estonia,EST,2001,6.003674
Estonia,EST,2002,6.771367
Estonia,EST,2003,7.600265
Estonia,EST,2004,6.804004
Estonia,EST,2005,9.526429
Estonia,EST,2006,9.765583
Estonia,EST,2007,7.579142
Estonia,EST,2008,-5.132
Estonia,EST,2009,-14.629059
Estonia,EST,2010,2.444266
Estonia,EST,2011,7.263086
Estonia,EST,2012,3.228202
Estonia,EST,2013,1.45843
Estonia,EST,2014,3.011363
Estonia,EST,2015,1.85302
Estonia,EST,2016,3.155566
Estonia,EST,2017,5.792042
Estonia,EST,2018,3.784205
Estonia,EST,2019,3.739705
Estonia,EST,2020,-0.551002
Estonia,EST,2021,8.013465
Estonia,EST,2022,-1.287411
India,IND,1951,2.946833
India,IND,1952,2.62568
India,IND,1953,6.150259
India,IND,1954,4.811059
India,IND,1955,3.236303
India,IND,1956,5.578462
India,IND,1957,-0.411223
India,IND,1958,7.390273
India,IND,1959,2.624728
India,IND,1960,5.496294
India,IND,1961,3.722742
India,IND,1962,2.931127
India,IND,1963,5.994353
India,IND,1964,7.45295
India,IND,1965,-2.63577
India,IND,1966,-0.055328
India,IND,1967,7.825963
India,IND,1968,3.387929
India,IND,1969,6.5397
India,IND,1970,5.15723
India,IND,1971,1.64293
India,IND,1972,-0.553301
India,IND,1973,3.295522
India,IND,1974,1.185336
India,IND,1975,9.149912
India,IND,1976,1.663104
India,IND,1977,7.254765
India,IND,1978,5.712532
India,IND,1979,-5.238183
India,IND,1980,6.735822
India,IND,1981,6.006204
India,IND,1982,3.475733
India,IND,1983,7.288893
India,IND,1984,3.820738
India,IND,1985,5.254299
India,IND,1986,4.776564
India,IND,1987,3.965355
India,IND,1988,9.627783
India,IND,1989,5.947343
India,IND,1990,5.533455
India,IND,1991,1.056832
India,IND,1992,5.482396
India,IND,1993,4.750777
India,IND,1994,6.658924
India,IND,1995,7.574492
India,IND,1996,7.549522
India,IND,1997,4.049821
India,IND,1998,6.184416
India,IND,1999,8.845722
India,IND,2000,3.840991
India,IND,2001,4.823966
India,IND,2002,3.803975
India,IND,2003,7.860381
India,IND,2004,7.922896
India,IND,2005,9.284872
India,IND,2006,9.263965
India,IND,2007,9.80136
India,IND,2008,3.890957
India,IND,2009,8.479787
India,IND,2010,10.259963
India,IND,2011,6.638353
India,IND,2012,5.456388
India,IND,2013,6.386108
India,IND,2014,7.410227
India,IND,2015,7.996254
India,IND,2016,8.256306
India,IND,2017,6.795383
India,IND,2018,6.532989
India,IND,2019,4.041554
Russia,RUS,1996,-3.607766
Russia,RUS,1997,1.381145
Russia,RUS,1998,-5.344865
Russia,RUS,1999,6.351101
Russia,RUS,2000,10.045657
Russia,RUS,2001,5.091119
Russia,RUS,2002,4.743783
Russia,RUS,2003,7.295854
Russia,RUS,2004,7.175949
Russia,RUS,2005,6.376187
Russia,RUS,2006,8.153432
Russia,RUS,2007,8.53508
Russia,RUS,2008,5.247954
Russia,RUS,2009,-7.820885
Russia,RUS,2010,4.503726
Russia,RUS,2011,4.264177
Russia,RUS,2012,4.024086
Russia,RUS,2013,1.755422
Russia,RUS,2014,0.736267
Russia,RUS,2015,-1.972719
Russia,RUS,2016,0.193671
Russia,RUS,2017,1.825809
Russia,RUS,2018,2.807245
Russia,RUS,2019,2.032983
Russia,RUS,2020,-2.951274
Japan,JPN,1971,4.698992
Japan,JPN,1972,8.413547
Japan,JPN,1973,8.0326
Japan,JPN,1974,-1.22524
Japan,JPN,1975,3.091576
Japan,JPN,1976,3.974984
Japan,JPN,1977,4.390338
Japan,JPN,1978,5.271942
Japan,JPN,1979,5.484042
Japan,JPN,1980,2.817591
Japan,JPN,1981,4.260624
Japan,JPN,1982,3.279743
Japan,JPN,1983,3.630199
Japan,JPN,1984,4.41088
Japan,JPN,1985,5.159808
Japan,JPN,1986,3.294048
Japan,JPN,1987,4.648861
Japan,JPN,1988,6.661637
Japan,JPN,1989,4.925785
Japan,JPN,1990,4.840929
Japan,JPN,1991,3.523357
Japan,JPN,1992,0.900586
Japan,JPN,1993,-0.45922
Japan,JPN,1994,1.083383
Japan,JPN,1995,2.631
Japan,JPN,1996,3.133871
Japan,JPN,1997,0.981229
Japan,JPN,1998,-1.27033
Japan,JPN,1999,-0.33393
Japan,JPN,2000,2.764648
Japan,JPN,2001,0.386103
Japan,JPN,2002,0.041962
Japan,JPN,2003,1.535125
Japan,JPN,2004,2.186116
Japan,JPN,2005,1.803901
Japan,JPN,2006,1.37235
Japan,JPN,2007,1.483969
Japan,JPN,2008,-1.224289
Japan,JPN,2009,-5.693236
Japan,JPN,2010,4.097918
Japan,JPN,2011,0.02381
Japan,JPN,2012,1.374751
Japan,JPN,2013,2.0051
Japan,JPN,2014,0.296206
Japan,JPN,2015,1.560627
Japan,JPN,2016,0.753827
Japan,JPN,2017,1.675332
Japan,JPN,2018,0.643391
Japan,JPN,2019,-0.402169
Japan,JPN,2020,-4.278604
Japan,JPN,2021,2.142487
Poland,POL,1991,-7.015579
Poland,POL,1992,2.514979
Poland,POL,1993,3.73831
Poland,POL,1994,5.292802
Poland,POL,1995,6.951909
Poland,POL,1996,6.115454
Poland,POL,1997,6.448994
Poland,POL,1998,4.640603
Poland,POL,1999,4.6549
Poland,POL,2000,4.560954
Poland,POL,2001,1.258541
Poland,POL,2002,2.035835
Poland,POL,2003,3.498456
Poland,POL,2004,4.982817
Poland,POL,2005,3.506843
Poland,POL,2006,6.13116
Poland,POL,2007,7.06151
Poland,POL,2008,4.199974
Poland,POL,2009,2.832205
Poland,POL,2010,2.934638
Poland,POL,2011,5.042154
Poland,POL,2012,1.545209
Poland,POL,2013,0.856551
Poland,POL,2014,3.837008
Poland,POL,2015,4.38328
Poland,POL,2016,2.953509
Poland,POL,2017,5.140012
Poland,POL,2018,5.945199
Poland,POL,2019,4.450022
Poland,POL,2020,-2.020107
Poland,POL,2021,6.93502
Poland,POL,2022,5.134302
Netherlands,NLD,1970,6.140182
Netherlands,NLD,1971,4.31698
Netherlands,NLD,1972,3.533875
Netherlands,NLD,1973,5.444223
Netherlands,NLD,1974,3.438718
Netherlands,NLD,1975,0.002029
Netherlands,NLD,1976,4.45631
Netherlands,NLD,1977,2.52044
Netherlands,NLD,1978,2.696247
Netherlands,NLD,1979,2.014166
Netherlands,NLD,1980,1.341914
Netherlands,NLD,1981,-0.783612
Netherlands,NLD,1982,-1.240757
Netherlands,NLD,1983,2.069958
Netherlands,NLD,1984,3.061679
Netherlands,NLD,1985,2.58018
Netherlands,NLD,1986,2.786976
Netherlands,NLD,1987,1.931249
Netherlands,NLD,1988,3.441219
Netherlands,NLD,1989,4.420118
Netherlands,NLD,1990,4.183223
Netherlands,NLD,1991,2.439135
Netherlands,NLD,1992,1.706071
Netherlands,NLD,1993,1.257552
Netherlands,NLD,1994,2.961092
Netherlands,NLD,1995,3.116036
Netherlands,NLD,1996,3.498742
Netherlands,NLD,1997,4.329053
Netherlands,NLD,1998,4.663917
Netherlands,NLD,1999,5.034048
Netherlands,NLD,2000,4.195642
Netherlands,NLD,2001,2.326955
Netherlands,NLD,2002,0.217274
Netherlands,NLD,2003,0.155646
Netherlands,NLD,2004,1.984946
Netherlands,NLD,2005,2.050876
Netherlands,NLD,2006,3.460989
Netherlands,NLD,2007,3.772843
Netherlands,NLD,2008,2.170325
Netherlands,NLD,2009,-3.666884
Netherlands,NLD,2010,1.342739
Netherlands,NLD,2011,1.551189
Netherlands,NLD,2012,-1.030354
Netherlands,NLD,2013,-0.130175
Netherlands,NLD,2014,1.423395
Netherlands,NLD,2015,1.95917
Netherlands,NLD,2016,2.191714
Netherlands,NLD,2017,2.910903
Netherlands,NLD,2018,2.360915
Netherlands,NLD,2019,1.955588
Netherlands,NLD,2020,-3.886084
Netherlands,NLD,2021,4.863219
Netherlands,NLD,2022,4.47824
Luxembourg,LUX,1971,2.667236
Luxembourg,LUX,1972,6.598193
Luxembourg,LUX,1973,8.312677
Luxembourg,LUX,1974,4.212467
Luxembourg,LUX,1975,-6.571371
Luxembourg,LUX,1976,2.534332
Luxembourg,LUX,1977,1.569777
Luxembourg,LUX,1978,4.074971
Luxembourg,LUX,1979,2.345609
Luxembourg,LUX,1980,0.840883
Luxembourg,LUX,1981,-0.550951
Luxembourg,LUX,1982,1.131297
Luxembourg,LUX,1983,2.989077
Luxembourg,LUX,1984,6.186939
Luxembourg,LUX,1985,2.791706
Luxembourg,LUX,1986,9.983935
Luxembourg,LUX,1987,3.950978
Luxembourg,LUX,1988,8.463283
Luxembourg,LUX,1989,9.798061
Luxembourg,LUX,1990,5.319932
Luxembourg,LUX,1991,8.644191
Luxembourg,LUX,1992,1.819653
Luxembourg,LUX,1993,4.200648
Luxembourg,LUX,1994,3.820921
Luxembourg,LUX,1995,1.4322
Luxembourg,LUX,1996,1.398074
Luxembourg,LUX,1997,5.419833
Luxembourg,LUX,1998,6.674512
Luxembourg,LUX,1999,8.175182
Luxembourg,LUX,2000,6.93813
Luxembourg,LUX,2001,3.074355
Luxembourg,LUX,2002,3.225417
Luxembourg,LUX,2003,2.619379
Luxembourg,LUX,2004,4.231891
Luxembourg,LUX,2005,2.482875
Luxembourg,LUX,2006,6.016715
Luxembourg,LUX,2007,8.098668
Luxembourg,LUX,2008,-0.300176
Luxembourg,LUX,2009,-3.238954
Luxembourg,LUX,2010,3.760414
Luxembourg,LUX,2011,1.044299
Luxembourg,LUX,2012,1.649902
Luxembourg,LUX,2013,3.17179
Luxembourg,LUX,2014,2.623086
Luxembourg,LUX,2015,2.269784
Luxembourg,LUX,2016,4.97819
Luxembourg,LUX,2017,1.317188
Luxembourg,LUX,2018,1.219322
Luxembourg,LUX,2019,2.319925
Luxembourg,LUX,2020,-0.797436
Luxembourg,LUX,2021,5.102455
Luxembourg,LUX,2022,1.548715
Mexico,MEX,1971,4.044944
Mexico,MEX,1972,8.423326
Mexico,MEX,1973,8.366534
Mexico,MEX,1974,6.066176
Mexico,MEX,1975,5.719237
Mexico,MEX,1976,4.098361
Mexico,MEX,1977,3.464567
Mexico,MEX,1978,8.371385
Mexico,MEX,1979,9.129213
Mexico,MEX,1980,8.365508
Mexico,MEX,1981,8.794032
Mexico,MEX,1982,-0.707069
Mexico,MEX,1983,-4.295858
Mexico,MEX,1984,3.599574
Mexico,MEX,1985,2.772269
Mexico,MEX,1986,-3.75392
Mexico,MEX,1987,1.855747
Mexico,MEX,1988,1.245438
Mexico,MEX,1989,4.198293
Mexico,MEX,1990,5.068306
Mexico,MEX,1991,4.222251
Mexico,MEX,1992,3.628659
Mexico,MEX,1993,3.553907
Mexico,MEX,1994,4.941081
Mexico,MEX,1995,-6.291231
Mexico,MEX,1996,6.773259
Mexico,MEX,1997,6.846852
Mexico,MEX,1998,5.163925
Mexico,MEX,1999,2.753554
Mexico,MEX,2000,4.942454
Mexico,MEX,2001,-0.40439
Mexico,MEX,2002,-0.039844
Mexico,MEX,2003,1.446383
Mexico,MEX,2004,3.920591
Mexico,MEX,2005,2.307807
Mexico,MEX,2006,4.495078
Mexico,MEX,2007,2.291446
Mexico,MEX,2008,1.143585
Mexico,MEX,2009,-5.285744
Mexico,MEX,2010,5.118118
Mexico,MEX,2011,3.663008
Mexico,MEX,2012,3.642323
Mexico,MEX,2013,1.354092
Mexico,MEX,2014,2.849773
Mexico,MEX,2015,3.293152
Mexico,MEX,2016,2.630532
Mexico,MEX,2017,2.113129
Mexico,MEX,2018,2.194995
Mexico,MEX,2019,-0.199048
Mexico,MEX,2020,-7.987912
Mexico,MEX,2021,4.720565
South Africa,ZAF,1961,3.844693
South Africa,ZAF,1962,6.178031
South Africa,ZAF,1963,7.373616
South Africa,ZAF,1964,7.939646
South Africa,ZAF,1965,6.12282
South Africa,ZAF,1966,4.438362
South Africa,ZAF,1967,7.196569
South Africa,ZAF,1968,4.153355
South Africa,ZAF,1969,4.715923
South Africa,ZAF,1970,5.248612
South Africa,ZAF,1971,4.278955
South Africa,ZAF,1972,1.65481
South Africa,ZAF,1973,4.571971
South Africa,ZAF,1974,6.111086
South Africa,ZAF,1975,1.695439
South Africa,ZAF,1976,2.249874
South Africa,ZAF,1977,-0.093991
South Africa,ZAF,1978,3.014488
South Africa,ZAF,1979,3.790508
South Africa,ZAF,1980,6.620603
South Africa,ZAF,1981,5.360773
South Africa,ZAF,1982,-0.383394
South Africa,ZAF,1983,-1.846549
South Africa,ZAF,1984,5.099124
South Africa,ZAF,1985,-1.211528
South Africa,ZAF,1986,0.017868
South Africa,ZAF,1987,2.100724
South Africa,ZAF,1988,4.200104
South Africa,ZAF,1989,2.394783
South Africa,ZAF,1990,-0.317759
South Africa,ZAF,1991,-1.018257
South Africa,ZAF,1992,-2.137037
South Africa,ZAF,1993,1.27013
South Africa,ZAF,1994,3.2
South Africa,ZAF,1995,3.1
South Africa,ZAF,1996,4.3
South Africa,ZAF,1997,2.6
South Africa,ZAF,1998,0.5
South Africa,ZAF,1999,2.4
South Africa,ZAF,2000,4.2
South Africa,ZAF,2001,2.7
South Africa,ZAF,2002,3.700374
South Africa,ZAF,2003,2.949075
South Africa,ZAF,2004,4.55456
South Africa,ZAF,2005,5.277052
South Africa,ZAF,2006,5.603806
South Africa,ZAF,2007,5.360474
South Africa,ZAF,2008,3.191044
South Africa,ZAF,2009,-1.538089
South Africa,ZAF,2010,3.039733
South Africa,ZAF,2011,3.168556
South Africa,ZAF,2012,2.396232
South Africa,ZAF,2013,2.485468
South Africa,ZAF,2014,1.413826
South Africa,ZAF,2015,1.321862
South Africa,ZAF,2016,0.664552
South Africa,ZAF,2017,1.157947
South Africa,ZAF,2018,1.522329
South Africa,ZAF,2019,0.303453
South Africa,ZAF,2020,-6.342471
South Africa,ZAF,2021,4.913097
South Africa,ZAF,2022,2.0423
Slovenia,SVN,1996,3.203002
Slovenia,SVN,1997,5.049794
Slovenia,SVN,1998,3.279368
Slovenia,SVN,1999,5.332667
Slovenia,SVN,2000,3.672369
Slovenia,SVN,2001,3.216561
Slovenia,SVN,2002,3.5056
Slovenia,SVN,2003,2.96026
Slovenia,SVN,2004,4.359193
Slovenia,SVN,2005,3.79797
Slovenia,SVN,2006,5.746397
Slovenia,SVN,2007,6.980162
Slovenia,SVN,2008,3.509841
Slovenia,SVN,2009,-7.548439
Slovenia,SVN,2010,1.343748
Slovenia,SVN,2011,0.861329
Slovenia,SVN,2012,-2.639439
Slovenia,SVN,2013,-1.029284
Slovenia,SVN,2014,2.768158
Slovenia,SVN,2015,2.210082
Slovenia,SVN,2016,3.191854
Slovenia,SVN,2017,4.815379
Slovenia,SVN,2018,4.454366
Slovenia,SVN,2019,3.451081
Slovenia,SVN,2020,-4.32137
Slovenia,SVN,2021,8.211062
Slovenia,SVN,2022,5.374553
Hungary,HUN,1992,-3.06418
Hungary,HUN,1993,-0.576109
Hungary,HUN,1994,2.947155
Hungary,HUN,1995,1.489525
Hungary,HUN,1996,0.082413
Hungary,HUN,1997,3.143122
Hungary,HUN,1998,3.900005
Hungary,HUN,1999,3.071027
Hungary,HUN,2000,4.479195
Hungary,HUN,2001,4.074088
Hungary,HUN,2002,4.741287
Hungary,HUN,2003,4.07425
Hungary,HUN,2004,5.004621
Hungary,HUN,2005,4.294278
Hungary,HUN,2006,3.946067
Hungary,HUN,2007,0.277373
Hungary,HUN,2008,1.003943
Hungary,HUN,2009,-6.597867
Hungary,HUN,2010,1.076254
Hungary,HUN,2011,1.866837
Hungary,HUN,2012,-1.250226
Hungary,HUN,2013,1.802522
Hungary,HUN,2014,4.23221
Hungary,HUN,2015,3.707316
Hungary,HUN,2016,2.201002
Hungary,HUN,2017,4.271976
Hungary,HUN,2018,5.362348
Hungary,HUN,2019,4.864226
Hungary,HUN,2020,-4.535551
Hungary,HUN,2021,7.2
Hungary,HUN,2022,4.577906
Türkiye,TUR,1971,5.566595
Türkiye,TUR,1972,7.425898
Türkiye,TUR,1973,3.262177
Türkiye,TUR,1974,5.594467
Türkiye,TUR,1975,7.174097
Türkiye,TUR,1976,10.461265
Türkiye,TUR,1977,3.406565
Türkiye,TUR,1978,1.503003
Türkiye,TUR,1979,-0.62415
Türkiye,TUR,1980,-2.447305
Türkiye,TUR,1981,4.85661
Türkiye,TUR,1982,3.563355
Türkiye,TUR,1983,4.971006
Türkiye,TUR,1984,6.711957
Türkiye,TUR,1985,4.241452
Türkiye,TUR,1986,7.011976
Türkiye,TUR,1987,9.48572
Türkiye,TUR,1988,2.120351
Türkiye,TUR,1989,0.251642
Türkiye,TUR,1990,9.255306
Türkiye,TUR,1991,0.926514
Türkiye,TUR,1992,5.984286
Türkiye,TUR,1993,8.042019
Türkiye,TUR,1994,-5.455666
Türkiye,TUR,1995,7.191224
Türkiye,TUR,1996,7.005317
Türkiye,TUR,1997,7.528799
Türkiye,TUR,1998,3.091866
Türkiye,TUR,1999,-3.263168
Türkiye,TUR,2000,6.93324
Türkiye,TUR,2001,-5.750006
Türkiye,TUR,2002,6.447722
Türkiye,TUR,2003,5.763206
Türkiye,TUR,2004,9.795936
Türkiye,TUR,2005,8.992305
Türkiye,TUR,2006,6.947988
Türkiye,TUR,2007,5.043508
Türkiye,TUR,2008,0.815024
Türkiye,TUR,2009,-4.823154
Türkiye,TUR,2010,8.427104
Türkiye,TUR,2011,11.200111
Türkiye,TUR,2012,4.788493
Türkiye,TUR,2013,8.485817
Türkiye,TUR,2014,4.939715
Türkiye,TUR,2015,6.084487
Türkiye,TUR,2016,3.323084
Türkiye,TUR,2017,7.501998
Türkiye,TUR,2018,2.979885
Türkiye,TUR,2019,0.78361
Türkiye,TUR,2020,1.940032
Türkiye,TUR,2021,11.353496
Türkiye,TUR,2022,5.56586
Indonesia,IDN,1994,7.539969
Indonesia,IDN,1995,8.220146
Indonesia,IDN,1996,7.817992
Indonesia,IDN,1997,4.699904
Indonesia,IDN,1998,-13.126749
Indonesia,IDN,1999,0.791153
Indonesia,IDN,2000,4.920041
Indonesia,IDN,2001,3.643466
Indonesia,IDN,2002,4.499475
Indonesia,IDN,2003,4.780369
Indonesia,IDN,2004,5.030874
Indonesia,IDN,2005,5.692571
Indonesia,IDN,2006,5.500952
Indonesia,IDN,2007,6.345022
Indonesia,IDN,2008,6.013703
Indonesia,IDN,2009,4.701769
Indonesia,IDN,2010,6.377626
Indonesia,IDN,2011,6.169784
Indonesia,IDN,2012,6.030051
Indonesia,IDN,2013,5.557264
Indonesia,IDN,2014,5.006668
Indonesia,IDN,2015,4.876322
Indonesia,IDN,2016,5.033069
Indonesia,IDN,2017,5.069786
Indonesia,IDN,2018,5.174292
Indonesia,IDN,2019,5.019288
Indonesia,IDN,2020,-2.065512
Indonesia,IDN,2021,3.703055
Indonesia,IDN,2022,5.308595
Norway,NOR,1971,5.673611
Norway,NOR,1972,5.330605
Norway,NOR,1973,4.532934
Norway,NOR,1974,3.922182
Norway,NOR,1975,4.952103
Norway,NOR,1976,5.825534
Norway,NOR,1977,4.160715
Norway,NOR,1978,3.869354
Norway,NOR,1979,4.372506
Norway,NOR,1980,4.564243
Norway,NOR,1981,1.598344
Norway,NOR,1982,0.235322
Norway,NOR,1983,3.973007
Norway,NOR,1984,6.052381
Norway,NOR,1985,5.553405
Norway,NOR,1986,4.042112
Norway,NOR,1987,1.753497
Norway,NOR,1988,-0.255127
Norway,NOR,1989,1.038252
Norway,NOR,1990,1.932291
Norway,NOR,1991,3.084439
Norway,NOR,1992,3.574459
Norway,NOR,1993,2.845183
Norway,NOR,1994,5.055274
Norway,NOR,1995,4.155643
Norway,NOR,1996,5.027962
Norway,NOR,1997,5.284558
Norway,NOR,1998,2.668687
Norway,NOR,1999,2.072047
Norway,NOR,2000,3.318946
Norway,NOR,2001,2.06713
Norway,NOR,2002,1.377557
Norway,NOR,2003,0.944909
Norway,NOR,2004,4.014627
Norway,NOR,2005,2.685084
Norway,NOR,2006,2.46151
Norway,NOR,2007,2.914003
Norway,NOR,2008,0.48192
Norway,NOR,2009,-1.940365
Norway,NOR,2010,0.787052
Norway,NOR,2011,1.105656
Norway,NOR,2012,2.717959
Norway,NOR,2013,1.016191
Norway,NOR,2014,2.048132
Norway,NOR,2015,1.85734
Norway,NOR,2016,1.164724
Norway,NOR,2017,2.463746
Norway,NOR,2018,0.828931
Norway,NOR,2019,1.123747
Norway,NOR,2020,-1.278172
Norway,NOR,2021,3.898399
Norway,NOR,2022,3.280558
Italy,ITA,1971,1.818108
Italy,ITA,1972,3.690486
Italy,ITA,1973,7.125862
Italy,ITA,1974,5.500141
Italy,ITA,1975,-2.090163
Italy,ITA,1976,7.125385
Italy,ITA,1977,2.560501
Italy,ITA,1978,3.24014
Italy,ITA,1979,5.959159
Italy,ITA,1980,3.430016
Italy,ITA,1981,0.844228
Italy,ITA,1982,0.413586
Italy,ITA,1983,1.169203
Italy,ITA,1984,3.225852
Italy,ITA,1985,2.798086
Italy,ITA,1986,2.859972
Italy,ITA,1987,3.191961
Italy,ITA,1988,4.194377
Italy,ITA,1989,3.388384
Italy,ITA,1990,1.985775
Italy,ITA,1991,1.538448
Italy,ITA,1992,0.834275
Italy,ITA,1993,-0.852806
Italy,ITA,1994,2.151024
Italy,ITA,1995,2.886837
Italy,ITA,1996,1.266785
Italy,ITA,1997,1.830212
Italy,ITA,1998,1.810615
Italy,ITA,1999,1.625728
Italy,ITA,2000,3.786955
Italy,ITA,2001,1.951372
Italy,ITA,2002,0.253943
Italy,ITA,2003,0.138627
Italy,ITA,2004,1.423594
Italy,ITA,2005,0.817849
Italy,ITA,2006,1.79064
Italy,ITA,2007,1.487073
Italy,ITA,2008,-0.962013
Italy,ITA,2009,-5.280937
Italy,ITA,2010,1.713296
Italy,ITA,2011,0.707333
Italy,ITA,2012,-2.980906
Italy,ITA,2013,-1.841065
Italy,ITA,2014,-0.004548
Italy,ITA,2015,0.778304
Italy,ITA,2016,1.293463
Italy,ITA,2017,1.667859
Italy,ITA,2018,0.925811
Italy,ITA,2019,0.483198
Italy,ITA,2020,-8.979126
Italy,ITA,2021,6.986766
Italy,ITA,2022,3.674683
New Zealand,NZL,1978,0.318564
New Zealand,NZL,1979,2.191775
New Zealand,NZL,1980,1.284252
New Zealand,NZL,1981,4.655653
New Zealand,NZL,1982,0.929684
New Zealand,NZL,1983,3.491525
New Zealand,NZL,1984,4.792699
New Zealand,NZL,1985,1.615335
New Zealand,NZL,1986,2.705642
New Zealand,NZL,1987,0.970839
New Zealand,NZL,1988,-0.353677
New Zealand,NZL,1989,0.161414
New Zealand,NZL,1990,0.153141
New Zealand,NZL,1991,-1.090793
New Zealand,NZL,1992,1.093834
New Zealand,NZL,1993,6.391529
New Zealand,NZL,1994,5.119249
New Zealand,NZL,1995,4.722081
New Zealand,NZL,1996,3.615674
New Zealand,NZL,1997,2.079197
New Zealand,NZL,1998,0.859093
New Zealand,NZL,1999,5.375365
New Zealand,NZL,2000,2.871343
New Zealand,NZL,2001,3.410881
New Zealand,NZL,2002,4.713963
New Zealand,NZL,2003,4.728476
New Zealand,NZL,2004,4.088957
New Zealand,NZL,2005,3.353316
New Zealand,NZL,2006,2.798463
New Zealand,NZL,2007,3.065118
New Zealand,NZL,2008,-1.210712
New Zealand,NZL,2009,-0.112068
New Zealand,NZL,2010,1.466751
New Zealand,NZL,2011,2.22158
New Zealand,NZL,2012,2.273032
New Zealand,NZL,2013,2.764921
New Zealand,NZL,2014,3.810837
New Zealand,NZL,2015,3.736431
New Zealand,NZL,2016,3.801758
New Zealand,NZL,2017,3.524413
New Zealand,NZL,2018,3.525183
New Zealand,NZL,2019,2.445983
New Zealand,NZL,2020,-0.653922
New Zealand,NZL,2021,5.167848
Iceland,ISL,1996,4.567124
Iceland,ISL,1997,5.771612
Iceland,ISL,1998,7.362801
Iceland,ISL,1999,4.034924
Iceland,ISL,2000,4.985043
Iceland,ISL,2001,4.013498
Iceland,ISL,2002,0.559519
Iceland,ISL,2003,2.142688
Iceland,ISL,2004,7.802399
Iceland,ISL,2005,6.124439
Iceland,ISL,2006,6.316993
Iceland,ISL,2007,8.45486
Iceland,ISL,2008,2.209496
Iceland,ISL,2009,-7.66381
Iceland,ISL,2010,-2.832775
Iceland,ISL,2011,1.845779
Iceland,ISL,2012,1.063637
Iceland,ISL,2013,4.55246
Iceland,ISL,2014,1.687215
Iceland,ISL,2015,4.436664
Iceland,ISL,2016,6.303687
Iceland,ISL,2017,4.194949
Iceland,ISL,2018,4.889173
Iceland,ISL,2019,1.805161
Iceland,ISL,2020,-7.241872
Iceland,ISL,2021,4.333402
Iceland,ISL,2022,6.444566
Portugal,PRT,1971,6.631652
Portugal,PRT,1972,8.015696
Portugal,PRT,1973,11.200671
Portugal,PRT,1974,1.14286
Portugal,PRT,1975,-4.347631
Portugal,PRT,1976,6.900231
Portugal,PRT,1977,5.602597
Portugal,PRT,1978,2.815966
Portugal,PRT,1979,5.638937
Portugal,PRT,1980,4.58934
Portugal,PRT,1981,1.618103
Portugal,PRT,1982,2.135375
Portugal,PRT,1983,-0.173113
Portugal,PRT,1984,-1.87998
Portugal,PRT,1985,2.80744
Portugal,PRT,1986,4.140956
Portugal,PRT,1987,6.381394
Portugal,PRT,1988,7.489108
Portugal,PRT,1989,6.440639
Portugal,PRT,1990,3.950523
Portugal,PRT,1991,4.368206
Portugal,PRT,1992,1.089476
Portugal,PRT,1993,-2.043277
Portugal,PRT,1994,0.964838
Portugal,PRT,1995,4.28278
Portugal,PRT,1996,3.504247
Portugal,PRT,1997,4.400867
Portugal,PRT,1998,4.807963
Portugal,PRT,1999,3.906577
Portugal,PRT,2000,3.816178
Portugal,PRT,2001,1.943672
Portugal,PRT,2002,0.770924
Portugal,PRT,2003,-0.930521
Portugal,PRT,2004,1.788736
Portugal,PRT,2005,0.781848
Portugal,PRT,2006,1.625034
Portugal,PRT,2007,2.50658
Portugal,PRT,2008,0.319248
Portugal,PRT,2009,-3.12208
Portugal,PRT,2010,1.737625
Portugal,PRT,2011,-1.696165
Portugal,PRT,2012,-4.057294
Portugal,PRT,2013,-0.922644
Portugal,PRT,2014,0.79219
Portugal,PRT,2015,1.792046
Portugal,PRT,2016,2.019486
Portugal,PRT,2017,3.506345
Portugal,PRT,2018,2.849326
Portugal,PRT,2019,2.68276
Portugal,PRT,2020,-8.300516
Portugal,PRT,2021,5.502757
Portugal,PRT,2022,6.685751
Korea,KOR,1954,7.518749
Korea,KOR,1955,5.571245
Korea,KOR,1956,0.632326
Korea,KOR,1957,9.373686
Korea,KOR,1958,6.633521
Korea,KOR,1959,5.618888
Korea,KOR,1960,2.337166
Korea,KOR,1961,6.935993
Korea,KOR,1962,3.895273
Korea,KOR,1963,9.020568
Korea,KOR,1964,9.473825
Korea,KOR,1965,7.318434
Korea,KOR,1966,11.993957
Korea,KOR,1967,9.079607
Korea,KOR,1968,13.165768
Korea,KOR,1969,14.561367
Korea,KOR,1970,10.052735
Korea,KOR,1971,10.545514
Korea,KOR,1972,7.214361
Korea,KOR,1973,14.898323
Korea,KOR,1974,9.511835
Korea,KOR,1975,7.839933
Korea,KOR,1976,13.221448
Korea,KOR,1977,12.335982
Korea,KOR,1978,10.952986
Korea,KOR,1979,8.671227
Korea,KOR,1980,-1.645688
Korea,KOR,1981,7.246176
Korea,KOR,1982,8.338078
Korea,KOR,1983,13.376174
Korea,KOR,1984,10.55164
Korea,KOR,1985,7.838864
Korea,KOR,1986,11.327261
Korea,KOR,1987,12.723692
Korea,KOR,1988,11.987716
Korea,KOR,1989,7.072894
Korea,KOR,1990,9.877553
Korea,KOR,1991,10.778056
Korea,KOR,1992,6.198643
Korea,KOR,1993,6.877474
Korea,KOR,1994,9.268666
Korea,KOR,1995,9.614565
Korea,KOR,1996,7.890703
Korea,KOR,1997,6.170552
Korea,KOR,1998,-5.129448
Korea,KOR,1999,11.466942
Korea,KOR,2000,9.060833
Korea,KOR,2001,4.8524
Korea,KOR,2002,7.725143
Korea,KOR,2003,3.147291
Korea,KOR,2004,5.197391
Korea,KOR,2005,4.308543
Korea,KOR,2006,5.264327
Korea,KOR,2007,5.799548
Korea,KOR,2008,3.012985
Korea,KOR,2009,0.792699
Korea,KOR,2010,6.804825
Korea,KOR,2011,3.685668
Korea,KOR,2012,2.402531
Korea,KOR,2013,3.164709
Korea,KOR,2014,3.202454
Korea,KOR,2015,2.809103
Korea,KOR,2016,2.946882
Korea,KOR,2017,3.159636
Korea,KOR,2018,2.907404
Korea,KOR,2019,2.243978
Korea,KOR,2020,-0.709415
Korea,KOR,2021,4.145324
Israel,ISR,1996,5.928291
Israel,ISR,1997,3.790452
Israel,ISR,1998,4.115555
Israel,ISR,1999,3.330493
Israel,ISR,2000,8.671655
Israel,ISR,2001,0.334071
Israel,ISR,2002,-0.114221
Israel,ISR,2003,1.393913
Israel,ISR,2004,4.784467
Israel,ISR,2005,4.134076
Israel,ISR,2006,5.582668
Israel,ISR,2007,6.033213
Israel,ISR,2008,3.251163
Israel,ISR,2009,0.88312
Israel,ISR,2010,5.668515
Israel,ISR,2011,5.561139
Israel,ISR,2012,2.587654
Israel,ISR,2013,4.415502
Israel,ISR,2014,3.919127
Israel,ISR,2015,2.485826
Israel,ISR,2016,4.52168
Israel,ISR,2017,4.276596
Israel,ISR,2018,4.070322
Israel,ISR,2019,4.156138
Israel,ISR,2020,-1.857289
Israel,ISR,2021,8.61199
Latvia,LVA,1996,2.588015
Latvia,LVA,1997,8.836913
Latvia,LVA,1998,6.335938
Latvia,LVA,1999,2.756174
Latvia,LVA,2000,5.675741
Latvia,LVA,2001,6.323508
Latvia,LVA,2002,7.088129
Latvia,LVA,2003,8.422862
Latvia,LVA,2004,8.284146
Latvia,LVA,2005,10.720366
Latvia,LVA,2006,11.971836
Latvia,LVA,2007,9.941922
Latvia,LVA,2008,-3.249121
Latvia,LVA,2009,-14.26014
Latvia,LVA,2010,-4.455567
Latvia,LVA,2011,2.573712
Latvia,LVA,2012,7.042247
Latvia,LVA,2013,2.007967
Latvia,LVA,2014,1.902173
Latvia,LVA,2015,3.88526
Latvia,LVA,2016,2.368615
Latvia,LVA,2017,3.312476
Latvia,LVA,2018,3.991855
Latvia,LVA,2019,2.569704
Latvia,LVA,2020,-2.202985
Latvia,LVA,2021,4.064016
Latvia,LVA,2022,1.976186
Ireland,IRL,1971,3.469888
Ireland,IRL,1972,6.489808
Ireland,IRL,1973,4.721428
Ireland,IRL,1974,4.260229
Ireland,IRL,1975,5.656646
Ireland,IRL,1976,1.394808
Ireland,IRL,1977,8.2113
Ireland,IRL,1978,7.186729
Ireland,IRL,1979,3.073036
Ireland,IRL,1980,3.079329
Ireland,IRL,1981,3.325216
Ireland,IRL,1982,2.283468
Ireland,IRL,1983,-0.244301
Ireland,IRL,1984,4.354373
Ireland,IRL,1985,3.085615
Ireland,IRL,1986,-0.428331
Ireland,IRL,1987,4.663091
Ireland,IRL,1988,5.217414
Ireland,IRL,1989,5.81392
Ireland,IRL,1990,8.466528
Ireland,IRL,1991,1.92964
Ireland,IRL,1992,3.343274
Ireland,IRL,1993,2.692609
Ireland,IRL,1994,5.755827
Ireland,IRL,1995,9.634422
Ireland,IRL,1996,7.379625
Ireland,IRL,1997,11.021764
Ireland,IRL,1998,8.766123
Ireland,IRL,1999,10.529886
Ireland,IRL,2000,9.403525
Ireland,IRL,2001,5.305821
Ireland,IRL,2002,5.899365
Ireland,IRL,2003,3.013838
Ireland,IRL,2004,6.78814
Ireland,IRL,2005,5.739782
Ireland,IRL,2006,4.987854
Ireland,IRL,2007,5.310118
Ireland,IRL,2008,-4.484071
Ireland,IRL,2009,-5.095783
Ireland,IRL,2010,1.682972
Ireland,IRL,2011,0.83383
Ireland,IRL,2012,-0.005542
Ireland,IRL,2013,1.12569
Ireland,IRL,2014,8.64935
Ireland,IRL,2015,24.370445
Ireland,IRL,2016,2.006654
Ireland,IRL,2017,9.005342
Ireland,IRL,2018,8.527541
Ireland,IRL,2019,5.440937
Ireland,IRL,2020,6.184538
Ireland,IRL,2021,13.588247
Ireland,IRL,2022,11.96958
Brazil,BRA,2001,1.389896
Brazil,BRA,2002,3.053462
Brazil,BRA,2003,1.140829
Brazil,BRA,2004,5.759965
Brazil,BRA,2005,3.202132
Brazil,BRA,2006,3.961989
Brazil,BRA,2007,6.069871
Brazil,BRA,2008,5.094195
Brazil,BRA,2009,-0.125812
Brazil,BRA,2010,7.528226
Brazil,BRA,2011,3.974423
Brazil,BRA,2012,1.921176
Brazil,BRA,2013,3.004823
Brazil,BRA,2014,0.503956
Brazil,BRA,2015,-3.545763
Brazil,BRA,2016,-3.275917
Brazil,BRA,2017,1.322869
Brazil,BRA,2018,-1.283005
Brazil,BRA,2019,1.220778
Brazil,BRA,2020,-3.276759
Lithuania,LTU,1996,5.158465
Lithuania,LTU,1997,8.31092
Lithuania,LTU,1998,7.475764
Lithuania,LTU,1999,-1.141572
Lithuania,LTU,2000,3.695526
Lithuania,LTU,2001,6.526105
Lithuania,LTU,2002,6.751419
Lithuania,LTU,2003,10.565954
Lithuania,LTU,2004,6.569493
Lithuania,LTU,2005,7.732368
Lithuania,LTU,2006,7.414119
Lithuania,LTU,2007,11.107482
Lithuania,LTU,2008,2.614423
Lithuania,LTU,2009,-14.838611
Lithuania,LTU,2010,1.651241
Lithuania,LTU,2011,6.03901
Lithuania,LTU,2012,3.843864
Lithuania,LTU,2013,3.550071
Lithuania,LTU,2014,3.537012
Lithuania,LTU,2015,2.024584
Lithuania,LTU,2016,2.518826
Lithuania,LTU,2017,4.282598
Lithuania,LTU,2018,3.99331
Lithuania,LTU,2019,4.625102
Lithuania,LTU,2020,-0.022073
Lithuania,LTU,2021,5.980848
Lithuania,LTU,2022,1.887795
Argentina,ARG,2005,8.85166
Argentina,ARG,2006,8.047152
Argentina,ARG,2007,9.007651
Argentina,ARG,2008,4.057233
Argentina,ARG,2009,-5.918525
Argentina,ARG,2010,10.125398
Argentina,ARG,2011,6.003952
Argentina,ARG,2012,-1.02642
Argentina,ARG,2013,2.405324
Argentina,ARG,2014,-2.512615
Argentina,ARG,2015,2.73116
Argentina,ARG,2016,-2.080328
Argentina,ARG,2017,2.818503
Argentina,ARG,2018,-2.617396
Argentina,ARG,2019,-2.000861
Argentina,ARG,2020,-9.943235
Argentina,ARG,2021,10.398249
Argentina,ARG,2022,5.243045
Costa Rica,CRI,1992,9.201104
Costa Rica,CRI,1993,7.097191
Costa Rica,CRI,1994,4.519028
Costa Rica,CRI,1995,4.153953
Costa Rica,CRI,1996,1.350459
Costa Rica,CRI,1997,5.476166
Costa Rica,CRI,1998,7.155309
Costa Rica,CRI,1999,4.214811
Costa Rica,CRI,2000,3.868718
Costa Rica,CRI,2001,3.49117
Costa Rica,CRI,2002,3.416876
Costa Rica,CRI,2003,4.31718
Costa Rica,CRI,2004,4.4246
Costa Rica,CRI,2005,3.976666
Costa Rica,CRI,2006,7.326695
Costa Rica,CRI,2007,8.215132
Costa Rica,CRI,2008,4.738175
Costa Rica,CRI,2009,-0.873456
Costa Rica,CRI,2010,5.360344
Costa Rica,CRI,2011,4.403159
Costa Rica,CRI,2012,4.882592
Costa Rica,CRI,2013,2.494766
Costa Rica,CRI,2014,3.54211
Costa Rica,CRI,2015,3.652081
Costa Rica,CRI,2016,4.204323
Costa Rica,CRI,2017,4.157699
Costa Rica,CRI,2018,2.615904
Costa Rica,CRI,2019,2.417512
Costa Rica,CRI,2020,-4.273354
Costa Rica,CRI,2021,7.780798
Costa Rica,CRI,2022,4.305016
Cyprus,CYP,1996,1.248582
Cyprus,CYP,1997,2.640895
Cyprus,CYP,1998,6.110847
Cyprus,CYP,1999,4.99796
Cyprus,CYP,2000,5.96531
Cyprus,CYP,2001,3.952561
Cyprus,CYP,2002,3.722956
Cyprus,CYP,2003,2.623286
Cyprus,CYP,2004,5.026344
Cyprus,CYP,2005,4.853004
Cyprus,CYP,2006,4.713829
Cyprus,CYP,2007,5.098068
Cyprus,CYP,2008,3.646812
Cyprus,CYP,2009,-2.015262
Cyprus,CYP,2010,2.283545
Cyprus,CYP,2011,0.416713
Cyprus,CYP,2012,-3.447381
Cyprus,CYP,2013,-6.587482
Cyprus,CYP,2014,-1.776062
Cyprus,CYP,2015,3.418923
Cyprus,CYP,2016,6.57358
Cyprus,CYP,2017,5.733476
Cyprus,CYP,2018,5.647858
Cyprus,CYP,2019,5.529429
Cyprus,CYP,2020,-4.372474
Cyprus,CYP,2021,6.638927
Cyprus,CYP,2022,5.632026
Bulgaria,BGR,1996,5.205394
Bulgaria,BGR,1997,-14.115382
Bulgaria,BGR,1998,3.789121
Bulgaria,BGR,1999,-8.396091
Bulgaria,BGR,2000,4.587225
Bulgaria,BGR,2001,3.823703
Bulgaria,BGR,2002,5.871931
Bulgaria,BGR,2003,5.237155
Bulgaria,BGR,2004,6.510425
Bulgaria,BGR,2005,7.056349
Bulgaria,BGR,2006,6.802589
Bulgaria,BGR,2007,6.654387
Bulgaria,BGR,2008,6.12956
Bulgaria,BGR,2009,-3.347142
Bulgaria,BGR,2010,1.541801
Bulgaria,BGR,2011,2.101206
Bulgaria,BGR,2012,0.75493
Bulgaria,BGR,2013,-0.560494
Bulgaria,BGR,2014,0.966869
Bulgaria,BGR,2015,3.428055
Bulgaria,BGR,2016,3.039825
Bulgaria,BGR,2017,2.762171
Bulgaria,BGR,2018,2.684761
Bulgaria,BGR,2019,4.038142
Bulgaria,BGR,2020,-3.958615
Bulgaria,BGR,2021,7.63461
Bulgaria,BGR,2022,3.361253
Romania,ROU,1996,3.907708
Romania,ROU,1997,-4.849092
Romania,ROU,1998,-2.029796
Romania,ROU,1999,-0.376678
Romania,ROU,2000,2.461253
Romania,ROU,2001,5.218175
Romania,ROU,2002,5.702973
Romania,ROU,2003,2.341147
Romania,ROU,2004,10.428121
Romania,ROU,2005,4.668143
Romania,ROU,2006,8.028811
Romania,ROU,2007,7.233811
Romania,ROU,2008,9.307477
Romania,ROU,2009,-5.517412
Romania,ROU,2010,-3.901228
Romania,ROU,2011,4.517094
Romania,ROU,2012,1.924989
Romania,ROU,2013,0.269964
Romania,ROU,2014,4.120659
Romania,ROU,2015,3.160509
Romania,ROU,2016,2.857551
Romania,ROU,2017,8.196511
Romania,ROU,2018,6.029017
Romania,ROU,2019,3.853164
Romania,ROU,2020,-3.677505
Romania,ROU,2021,5.793244
Romania,ROU,2022,4.744003
Croatia,HRV,1996,6.041454
Croatia,HRV,1997,6.178524
Croatia,HRV,1998,2.250935
Croatia,HRV,1999,-0.840291
Croatia,HRV,2000,2.958798
Croatia,HRV,2001,3.112462
Croatia,HRV,2002,5.823016
Croatia,HRV,2003,5.595353
Croatia,HRV,2004,4.182654
Croatia,HRV,2005,4.3087
Croatia,HRV,2006,4.918059
Croatia,HRV,2007,4.960918
Croatia,HRV,2008,2.001864
Croatia,HRV,2009,-7.193445
Croatia,HRV,2010,-1.223779
Croatia,HRV,2011,-0.086614
Croatia,HRV,2012,-2.331662
Croatia,HRV,2013,-0.397828
Croatia,HRV,2014,-0.429361
Croatia,HRV,2015,2.522292
Croatia,HRV,2016,3.559359
Croatia,HRV,2017,3.412468
Croatia,HRV,2018,2.800676
Croatia,HRV,2019,3.421006
Croatia,HRV,2020,-8.580343
Croatia,HRV,2021,13.072205
Croatia,HRV,2022,6.331336
Malta,MLT,2001,-1.174697
Malta,MLT,2002,2.565264
Malta,MLT,2003,4.074068
Malta,MLT,2004,0.140269
Malta,MLT,2005,3.383594
Malta,MLT,2006,2.510143
Malta,MLT,2007,4.774706
Malta,MLT,2008,3.826359
Malta,MLT,2009,-1.133874
Malta,MLT,2010,5.54364
Malta,MLT,2011,0.467051
Malta,MLT,2012,4.117706
Malta,MLT,2013,5.473356
Malta,MLT,2014,7.633538
Malta,MLT,2015,9.608132
Malta,MLT,2016,3.38145
Malta,MLT,2017,10.869269
Malta,MLT,2018,6.193448
Malta,MLT,2019,7.008825
Malta,MLT,2020,-8.612491
Malta,MLT,2021,11.805903
Malta,MLT,2022,6.851011
North Macedonia,MKD,2001,-3.067183
North Macedonia,MKD,2002,1.493666
North Macedonia,MKD,2003,2.222564
North Macedonia,MKD,2004,4.674176
North Macedonia,MKD,2005,4.723933
North Macedonia,MKD,2006,5.137036
North Macedonia,MKD,2007,6.473469
North Macedonia,MKD,2008,5.471912
North Macedonia,MKD,2009,-0.35866
North Macedonia,MKD,2010,3.358787
North Macedonia,MKD,2011,2.339915
North Macedonia,MKD,2012,-0.455998
North Macedonia,MKD,2013,2.924837
North Macedonia,MKD,2014,3.629578
North Macedonia,MKD,2015,3.855741
North Macedonia,MKD,2016,2.848361
North Macedonia,MKD,2017,1.081492
North Macedonia,MKD,2018,2.880673
North Macedonia,MKD,2019,3.910336
North Macedonia,MKD,2020,-4.688286
North Macedonia,MKD,2021,3.931303
North Macedonia,MKD,2022,2.146657
Zambia,ZMB,2011,5.564602
Zambia,ZMB,2012,7.597593
Zambia,ZMB,2013,5.057491
Zambia,ZMB,2014,4.697729
Zambia,ZMB,2015,2.91998
Zambia,ZMB,2016,3.757033
Zambia,ZMB,2017,4.08499
Zambia,ZMB,2018,3.474112
Zambia,ZMB,2019,1.441306
Zambia,ZMB,2020,-2.785072
Zambia,ZMB,2021,4.598753
Cabo Verde,CPV,2008,6.650521
Cabo Verde,CPV,2009,-1.270426
Cabo Verde,CPV,2010,1.46679
Cabo Verde,CPV,2011,3.968886
Cabo Verde,CPV,2012,1.081918
Cabo Verde,CPV,2013,0.802798
Cabo Verde,CPV,2014,0.611213
Cabo Verde,CPV,2015,1.006864
Cabo Verde,CPV,2016,4.705791
Cabo Verde,CPV,2017,3.702039
Cabo Verde,CPV,2018,4.531162
Cabo Verde,CPV,2019,5.667752
Cabo Verde,CPV,2020,-14.783405
Cabo Verde,CPV,2021,6.952449
Madagascar,MDG,2008,6.791132
Madagascar,MDG,2009,-3.996969
Madagascar,MDG,2010,0.66614
Madagascar,MDG,2011,1.620871
Madagascar,MDG,2012,3.056851
Madagascar,MDG,2013,2.272257
Madagascar,MDG,2014,3.366511
Madagascar,MDG,2015,3.099616
Madagascar,MDG,2016,4.130464
Madagascar,MDG,2017,4.066367
Madagascar,MDG,2018,3.04905
Madagascar,MDG,2019,4.620635
Madagascar,MDG,2020,-6.809731
Morocco,MAR,2008,5.923278
Morocco,MAR,2009,4.243757
Morocco,MAR,2010,3.815718
Morocco,MAR,2011,5.245697
Morocco,MAR,2012,3.009961
Morocco,MAR,2013,4.535424
Morocco,MAR,2014,2.669494
Morocco,MAR,2015,4.344583
Morocco,MAR,2016,0.521186
Morocco,MAR,2017,5.057898
Morocco,MAR,2018,3.065641
Morocco,MAR,2019,2.890975
Morocco,MAR,2020,-7.18708
Morocco,MAR,2021,7.929668
"Hong Kong, China",HKG,2001,0.560807
"Hong Kong, China",HKG,2002,1.656669
"Hong Kong, China",HKG,2003,3.056312
"Hong Kong, China",HKG,2004,8.700067
"Hong Kong, China",HKG,2005,7.388194
"Hong Kong, China",HKG,2006,7.032603
"Hong Kong, China",HKG,2007,6.46483
"Hong Kong, China",HKG,2008,2.127957
"Hong Kong, China",HKG,2009,-2.45905
"Hong Kong, China",HKG,2010,6.767672
"Hong Kong, China",HKG,2011,4.8147
"Hong Kong, China",HKG,2012,1.700317
"Hong Kong, China",HKG,2013,3.101525
"Hong Kong, China",HKG,2014,2.76242
"Hong Kong, China",HKG,2015,2.387832
"Hong Kong, China",HKG,2016,2.175424
"Hong Kong, China",HKG,2017,3.796122
"Hong Kong, China",HKG,2018,2.846935
"Hong Kong, China",HKG,2019,-1.678246
"Hong Kong, China",HKG,2020,-6.545008
"Hong Kong, China",HKG,2021,6.343106
Serbia,SRB,1996,6.264082
Serbia,SRB,1997,7.207379
Serbia,SRB,1998,3.340879
Serbia,SRB,1999,-9.424163
Serbia,SRB,2000,6.131813
Serbia,SRB,2001,6.878774
Serbia,SRB,2002,6.380406
Serbia,SRB,2003,4.387758
Serbia,SRB,2004,9.028197
Serbia,SRB,2005,5.530346
Serbia,SRB,2006,5.107789
Serbia,SRB,2007,6.439527
Serbia,SRB,2008,5.655577
Serbia,SRB,2009,-2.731753
Serbia,SRB,2010,0.731044
Serbia,SRB,2011,2.036276
Serbia,SRB,2012,-0.681542
Serbia,SRB,2013,2.892636
Serbia,SRB,2014,-1.589509
Serbia,SRB,2015,1.806058
Serbia,SRB,2016,3.338587
Serbia,SRB,2017,2.101164
Serbia,SRB,2018,4.49512
Serbia,SRB,2019,4.331736
Serbia,SRB,2020,-0.944598
Serbia,SRB,2021,7.389273
Albania,ALB,1997,-10.924201
Albania,ALB,1998,8.829349
Albania,ALB,1999,12.890712
Albania,ALB,2000,6.946289
Albania,ALB,2001,8.293292
Albania,ALB,2002,4.536568
Albania,ALB,2003,5.52863
Albania,ALB,2004,5.514801
Albania,ALB,2005,5.526472
Albania,ALB,2006,5.902584
Albania,ALB,2007,5.983245
Albania,ALB,2008,7.50009
Albania,ALB,2009,3.354279
Albania,ALB,2010,3.706897
Albania,ALB,2011,2.545435
Albania,ALB,2012,1.417234
Albania,ALB,2013,1.001987
Albania,ALB,2014,1.774487
Albania,ALB,2015,2.218752
Albania,ALB,2016,3.314992
Albania,ALB,2017,3.802198
Albania,ALB,2018,4.019348
Albania,ALB,2019,2.087605
Albania,ALB,2020,-3.481628
Albania,ALB,2021,8.515501
Singapore,SGP,1961,8.136888
Singapore,SGP,1962,7.554046
Singapore,SGP,1963,10.040621
Singapore,SGP,1964,-3.103333
Singapore,SGP,1965,7.834583
Singapore,SGP,1966,10.179575
Singapore,SGP,1967,12.508722
Singapore,SGP,1968,13.527223
Singapore,SGP,1969,13.833337
Singapore,SGP,1970,13.942261
Singapore,SGP,1971,12.413755
Singapore,SGP,1972,13.315551
Singapore,SGP,1973,10.602619
Singapore,SGP,1974,6.117604
Singapore,SGP,1975,3.981688
Singapore,SGP,1976,7.437177
Singapore,SGP,1977,6.8527
Singapore,SGP,1978,7.777288
Singapore,SGP,1979,9.554173
Singapore,SGP,1980,10.113218
Singapore,SGP,1981,10.816137
Singapore,SGP,1982,7.102115
Singapore,SGP,1983,8.5546
Singapore,SGP,1984,8.792387
Singapore,SGP,1985,-0.622851
Singapore,SGP,1986,1.342869
Singapore,SGP,1987,10.79777
Singapore,SGP,1988,11.263751
Singapore,SGP,1989,10.15861
Singapore,SGP,1990,9.821049
Singapore,SGP,1991,6.688503
Singapore,SGP,1992,6.63969
Singapore,SGP,1993,11.462775
Singapore,SGP,1994,11.097648
Singapore,SGP,1995,7.200907
Singapore,SGP,1996,7.47138
Singapore,SGP,1997,8.319917
Singapore,SGP,1998,-2.195378
Singapore,SGP,1999,5.724008
Singapore,SGP,2000,9.039147
Singapore,SGP,2001,-1.069016
Singapore,SGP,2002,3.91461
Singapore,SGP,2003,4.53578
Singapore,SGP,2004,9.819592
Singapore,SGP,2005,7.359034
Singapore,SGP,2006,9.005144
Singapore,SGP,2007,9.022133
Singapore,SGP,2008,1.868246
Singapore,SGP,2009,0.120983
Singapore,SGP,2010,14.525639
Singapore,SGP,2011,6.337871
Singapore,SGP,2012,4.461609
Singapore,SGP,2013,4.837299
Singapore,SGP,2014,3.938003
Singapore,SGP,2015,2.988521
Singapore,SGP,2016,3.329034
Singapore,SGP,2017,4.520379
Singapore,SGP,2018,3.49747
Singapore,SGP,2019,1.345217
Singapore,SGP,2020,-5.391021
Saudi Arabia,SAU,1971,20.512217
Saudi Arabia,SAU,1972,22.93064
Saudi Arabia,SAU,1973,24.170529
Saudi Arabia,SAU,1974,16.228065
Saudi Arabia,SAU,1975,-8.928614
Saudi Arabia,SAU,1976,17.820974
Saudi Arabia,SAU,1977,7.09336
Saudi Arabia,SAU,1978,-5.219726
Saudi Arabia,SAU,1979,11.919432
Saudi Arabia,SAU,1980,5.652458
Saudi Arabia,SAU,1981,1.943004
Saudi Arabia,SAU,1982,-20.729888
Saudi Arabia,SAU,1983,-16.051386
Saudi Arabia,SAU,1984,-4.661452
Saudi Arabia,SAU,1985,-9.794502
Saudi Arabia,SAU,1986,17.012746
Saudi Arabia,SAU,1987,-6.632496
Saudi Arabia,SAU,1988,13.109313
Saudi Arabia,SAU,1989,-0.503016
Saudi Arabia,SAU,1990,15.193426
Saudi Arabia,SAU,1991,15.00788
Saudi Arabia,SAU,1992,3.98754
Saudi Arabia,SAU,1993,-1.363741
Saudi Arabia,SAU,1994,0.55872
Saudi Arabia,SAU,1995,0.212091
Saudi Arabia,SAU,1996,2.637424
Saudi Arabia,SAU,1997,1.103782
Saudi Arabia,SAU,1998,2.893363
Saudi Arabia,SAU,1999,-3.763285
Saudi Arabia,SAU,2000,5.625416
Saudi Arabia,SAU,2001,-1.210744
Saudi Arabia,SAU,2002,-2.819174
Saudi Arabia,SAU,2003,11.242061
Saudi Arabia,SAU,2004,7.958442
Saudi Arabia,SAU,2005,5.57385
Saudi Arabia,SAU,2006,2.788402
Saudi Arabia,SAU,2007,1.84713
Saudi Arabia,SAU,2008,6.249773
Saudi Arabia,SAU,2009,-2.059249
Saudi Arabia,SAU,2010,5.039484
Saudi Arabia,SAU,2011,9.996847
Saudi Arabia,SAU,2012,5.411445
Saudi Arabia,SAU,2013,2.699255
Saudi Arabia,SAU,2014,3.652482
Saudi Arabia,SAU,2015,4.106409
Saudi Arabia,SAU,2016,1.670625
Saudi Arabia,SAU,2017,-0.741503
Saudi Arabia,SAU,2018,2.51419
Saudi Arabia,SAU,2019,0.333781
Saudi Arabia,SAU,2020,-4.13767
Saudi Arabia,SAU,2021,3.24093
Georgia,GEO,2011,7.360662
Georgia,GEO,2012,6.416777
Georgia,GEO,2013,3.615554
Georgia,GEO,2014,4.441548
Georgia,GEO,2015,3.026624
Georgia,GEO,2016,2.905824
Georgia,GEO,2017,4.843363
Georgia,GEO,2018,4.842738
Georgia,GEO,2019,4.98235
Georgia,GEO,2020,-6.76044
Cameroon,CMR,1994,1.876809
Cameroon,CMR,1995,2.894001
Cameroon,CMR,1996,4.215072
Cameroon,CMR,1997,4.527314
Cameroon,CMR,1998,4.725535
Cameroon,CMR,1999,4.511304
Cameroon,CMR,2000,3.832418
Cameroon,CMR,2001,4.324261
Cameroon,CMR,2002,4.477027
Cameroon,CMR,2003,5.453154
Cameroon,CMR,2004,7.048863
Cameroon,CMR,2005,2.22827
Cameroon,CMR,2006,3.809583
Cameroon,CMR,2007,4.327589
Cameroon,CMR,2008,2.847678
Cameroon,CMR,2009,2.579252
Cameroon,CMR,2010,2.899025
Cameroon,CMR,2011,3.379211
Cameroon,CMR,2012,4.625979
Cameroon,CMR,2013,4.995529
Cameroon,CMR,2014,5.719818
Cameroon,CMR,2015,5.666953
Cameroon,CMR,2016,4.535794
Cameroon,CMR,2017,3.541177
Cameroon,CMR,2018,3.955514
Cameroon,CMR,2019,3.47506
Cameroon,CMR,2020,0.491915
Senegal,SEN,2000,3.887211
Senegal,SEN,2001,4.310851
Senegal,SEN,2002,0.068697
Senegal,SEN,2003,5.593951
Senegal,SEN,2004,4.643294
Senegal,SEN,2005,4.310239
Senegal,SEN,2006,2.330771
Senegal,SEN,2007,2.827119
Senegal,SEN,2008,3.703169
Senegal,SEN,2009,2.752104
Senegal,SEN,2010,3.390889
Senegal,SEN,2011,1.334091
Senegal,SEN,2012,4.002996
Senegal,SEN,2013,2.412385
Senegal,SEN,2014,6.224074
Senegal,SEN,2015,6.367044
Senegal,SEN,2016,6.356069
Senegal,SEN,2017,7.407486
Senegal,SEN,2018,6.209241
Senegal,SEN,2019,4.613628
Senegal,SEN,2020,1.325505
